,,,,,,Type,,Date,,Num,,Name,,Memo,,Class,,Clr,,Split,,Amount,,Balance
,Other Current Asset,,,,,,,,,,,,,,,,,,,,,,,0.00
,,Assets Cost and Est. Earnings,,,,,,,,,,,,,,,,,,,,,,0.00
,,,HHA-Vivan Villas,,,,,,,,,,,,,,,,,,,,,0.00
,,,,,,Bill,,02/11/2025,,INV# 000043,,"LC Electrical and Fire Solutions, LLC",,INV# 000043  Cost Of Construction,,Construction:HHA-Vivan Villas,,,,Accounts Payable,,800.00,,800.00
,,,,,,Bill,,03/10/2025,,INV# M21871,,MRO Supreme,,68 Moen Rinza 84627 bathroom Faucet ($99.51 C/U)  Cost Of Construction,,Construction:HHA-Vivan Villas,,,,Accounts Payable,,"6,766.85",,"7,566.85"
,,,,,,Bill,,03/10/2025,,INV# 1001 PO# 1380,,"JAM CABINETS AND INVESTMENTS, LLC",,Cost Of Construction HHA-VIVIAN VILLAS,,Construction:HHA-Vivan Villas,,,,Accounts Payable,,"36,544.85",,"44,111.70"
,,,,,,Bill,,03/11/2025,,Security Bond,,"A&M FALERO INSURANCE, INC.",,Security Bond for City of Hialeah Vivian Villas Project Insurance Expense:Bonds Sureties,,Construction:HHA-Vivan Villas,,,,Accounts Payable,,"15,747.00",,"59,858.70"
,,,,,,Bill,,03/13/2025,,FEB/14 - MAR/13/2024,,Home Depot Credit Services,,INV# 1704397  Office Expenses,,Construction:HHA-Vivan Villas,,,,Accounts Payable,,"5,898.88",,"65,757.58"
,,,,,,Bill,,03/14/2025,,Harold online purcha,,"Home Depot USA, Inc.",,Harold online purchase Cost Of Construction (93 Delta Kitchen Faucet),,Construction:HHA-Vivan Villas,,,,Accounts Payable,,"14,747.94",,"80,505.52"
,,,,,,Bill,,03/17/2025,,INV# 1002 PO# 1380,,"JAM CABINETS AND INVESTMENTS, LLC",,INV# 1002 PO# 1380  Cost Of Construction,,Construction:HHA-Vivan Villas,,,,Accounts Payable,,"36,544.85",,"117,050.37"
,,,,,,Bill,,03/25/2025,,INV# 1003 PO# 1380,,"JAM CABINETS AND INVESTMENTS, LLC",,INV# 1003 PO# 1380  Cost Of Construction,,Construction:HHA-Vivan Villas,,,,Accounts Payable,,"36,544.85",,"153,595.22"
,,,,,,Bill,,03/26/2025,,GAS,,GAS,,GAS,,Construction:HHA-Vivan Villas,,,,Accounts Payable,,40.00,,"153,635.22"
,,,,,,Bill,,03/26/2025,,Parking Hialeah Cour,,PARKING,,Parking Hialeah Court House office expenses,,Construction:HHA-Vivan Villas,,,,Accounts Payable,,12.60,,"153,647.82"
,,,,,,Bill,,03/26/2025,,Recording Fee,,CITY OF HIALEAH,,Recording Fee  Cost Of Construction,,Construction:HHA-Vivan Villas,,,,Accounts Payable,,45.73,,"153,693.55"
,,,,,,Bill,,03/27/2025,,INV# 132491,,J Plumbing Supply Corp.,,INV# 132491 Cost Of Construction,,Construction:HHA-Vivan Villas,,,,Accounts Payable,,11.04,,"153,704.59"
,,,,,,Bill,,03/27/2025,,INV# 132499,,J Plumbing Supply Corp.,,INV# 132499 Cost Of Construction,,Construction:HHA-Vivan Villas,,,,Accounts Payable,,"2,230.51",,"155,935.10"
,,,,,,Bill,,03/27/2025,,HHA-Vivan Villas,,"Plumbing Experts, INC",,Installed 1/4 turn valves per ivan,,Construction:HHA-Vivan Villas,,,,Accounts Payable,,"2,088.00",,"158,023.10"
,,,,,,Bill,,03/28/2025,,gas,,GAS,,gas refund,,Construction:HHA-Vivan Villas,,,,Accounts Payable,,36.18,,"158,059.28"
,,,,,,Bill,,03/28/2025,,HHA-Vivian Villas,,LOWE´S,,HHA-Vivian Villas Cost Of Construction,,Construction:HHA-Vivan Villas,,,,Accounts Payable,,50.38,,"158,109.66"
,,,,,,Bill,,03/28/2025,,HHA-Vivian Villas,,Andres A. Perez,,HHA-Vivian Villas Cost Of Construction:Contract Labor,,Construction:HHA-Vivan Villas,,,,Accounts Payable,,364.00,,"158,473.66"
,,,,,,Bill,,03/28/2025,,INV# 33 PO# 1388,,Argo Power Service,,INV# 33 PO# 1388  Cost Of Construction,,Construction:HHA-Vivan Villas,,,,Accounts Payable,,"4,150.00",,"162,623.66"
,,,,,,Bill,,03/31/2025,,March/2025,,First Horizon CC,,Hialeah Comm Dev  Cost Of Construction,,Construction:HHA-Vivan Villas,,,,Accounts Payable,,200.00,,"162,823.66"
,,,,,,Bill,,04/01/2025,,HHA-Vivian Villas,,"Home Depot USA, Inc.",,HHA-Vivian Villas  Cost Of Construction,,Construction:HHA-Vivan Villas,,,,Accounts Payable,,46.18,,"162,869.84"
,,,,,,Bill,,04/01/2025,,INV# 1004 PO# 1380,,"JAM CABINETS AND INVESTMENTS, LLC",,INV# 1004 PO# 1380  Cost Of Construction,,Construction:HHA-Vivan Villas,,,,Accounts Payable,,"36,544.85",,"199,414.69"
,,,,,,Bill,,04/02/2025,,INV# 1021,,"Fixmate USA, LLC",,INV# 1021  Cost Of Construction,,Construction:HHA-Vivan Villas,,,,Accounts Payable,,"2,580.00",,"201,994.69"
,,,,,,General Journal,,04/03/2025,,hp,,,,restaurant Meals and Entertainment,,Construction:HHA-Vivan Villas,,,,Petty Cash,,15.28,,"202,009.97"
,,,,,,General Journal,,04/03/2025,,hp,,,,Home Depot  Cost Of Construction,,Construction:HHA-Vivan Villas,,,,Petty Cash,,39.18,,"202,049.15"
,,,,,,Bill,,04/09/2025,,INV# 33 PO# 1388,,Argo Power Service,,INV# 33 PO# 1388  Cost Of Construction,,Construction:HHA-Vivan Villas,,,,Accounts Payable,,"3,500.00",,"205,549.15"
,,,,,,Bill,,04/10/2025,,HHA-Vivian Villas,,MRO Supreme,,Moen Rinza 84627 Bathroom Faucet 1.2 gpm (25 units),,Construction:HHA-Vivan Villas,,,,Accounts Payable,,"2,697.50",,"208,246.65"
,,,,,,Bill,,04/10/2025,,HHA-Vivian Villas,,MRO Supreme,,Cost of Good Sold:Shipping and Handling,,Construction:HHA-Vivan Villas,,,,Accounts Payable,,61.04,,"208,307.69"
,,,,,,Bill,,04/13/2025,,MAR/14 - APR/13/2024,,Home Depot Credit Services,,INV# 6551599 Cost of Construction,,Construction:HHA-Vivan Villas,,,,Accounts Payable,,104.11,,"208,411.80"
,,,,,,Bill,,04/13/2025,,MAR/14 - APR/13/2024,,Home Depot Credit Services,, INV# 5524184 Cost of Construction,,Construction:HHA-Vivan Villas,,,,Accounts Payable,,119.18,,"208,530.98"
,,,,,,Bill,,04/13/2025,,MAR/14 - APR/13/2024,,Home Depot Credit Services,,INV# 4535965 Cost of Construction,,Construction:HHA-Vivan Villas,,,,Accounts Payable,,15.41,,"208,546.39"
,,,,,,Bill,,04/13/2025,,MAR/14 - APR/13/2024,,Home Depot Credit Services,,INV# 4535979 Cost of Construction,,Construction:HHA-Vivan Villas,,,,Accounts Payable,,25.31,,"208,571.70"
,,,,,,Bill,,04/13/2025,,MAR/14 - APR/13/2024,,Home Depot Credit Services,,INV# 4535983 Cost of Construction,,Construction:HHA-Vivan Villas,,,,Accounts Payable,,10.23,,"208,581.93"
,,,,,,Bill,,04/13/2025,,MAR/14 - APR/13/2024,,Home Depot Credit Services,,INV# 4550659 Cost of Construction,,Construction:HHA-Vivan Villas,,,,Accounts Payable,,13.54,,"208,595.47"
,,,,,,Bill,,04/13/2025,,MAR/14 - APR/13/2024,,Home Depot Credit Services,,INV# 3112693 Cost of Construction,,Construction:HHA-Vivan Villas,,,,Accounts Payable,,397.65,,"208,993.12"
,,,,,,Bill,,04/13/2025,,MAR/14 - APR/13/2024,,Home Depot Credit Services,,INV# 1025298 Cost of Construction,,Construction:HHA-Vivan Villas,,,,Accounts Payable,,109.59,,"209,102.71"
,,,,,,Bill,,04/14/2025,,INV# 1005 PO# 1380,,"JAM CABINETS AND INVESTMENTS, LLC",,INV# 1005 PO# 1380  Cost Of Construction,,Construction:HHA-Vivan Villas,,,,Accounts Payable,,"17,457.12",,"226,559.83"
,,,,,,Bill,,04/15/2025,,HHA-Vivian Villas,,"Home Depot USA, Inc.",,HHA-Vivian Villas  Cost Of Construction,,Construction:HHA-Vivan Villas,,,,Accounts Payable,,41.02,,"226,600.85"
,,,,,,Bill,,04/15/2025,,refund expenses,,Fabio Vargas,,Cost Of Construction,,Construction:HHA-Vivan Villas,,,,Accounts Payable,,60.00,,"226,660.85"
,,,,,,Bill,,04/21/2025,,INV# 1006 PO# 1380,,"JAM CABINETS AND INVESTMENTS, LLC",,INV# 1006 PO# 1380  Cost Of Construction,,Construction:HHA-Vivan Villas,,,,Accounts Payable,,"17,457.12",,"244,117.97"
,,,,,,Bill,,04/22/2025,,refund expenses,,Erwin Davila.,,refund expenses HHA-Vivian Villas Cost of Construction,,Construction:HHA-Vivan Villas,,,,Accounts Payable,,714.21,,"244,832.18"
,,,,,,Bill,,04/28/2025,,INV# 1007 PO# 1380,,"JAM CABINETS AND INVESTMENTS, LLC",,INV# 1006 PO# 1380  Cost Of Construction,,Construction:HHA-Vivan Villas,,,,Accounts Payable,,"17,457.12",,"262,289.30"
,,,,,,Bill,,04/30/2025,,April/30/2025,,First Horizon CC,,restaurant,,Construction:HHA-Vivan Villas,,,,Accounts Payable,,80.00,,"262,369.30"
,,,,,,Bill,,04/30/2025,,April/30/2025,,First Horizon CC,,apple.com,,Construction:HHA-Vivan Villas,,,,Accounts Payable,,2.99,,"262,372.29"
,,,,,,Bill,,04/30/2025,,April/30/2025,,First Horizon CC,,gas,,Construction:HHA-Vivan Villas,,,,Accounts Payable,,50.00,,"262,422.29"
,,,,,,Bill,,04/30/2025,,April/30/2025,,First Horizon CC,,restaurant,,Construction:HHA-Vivan Villas,,,,Accounts Payable,,22.00,,"262,444.29"
,,,,,,Bill,,04/30/2025,,April/30/2025,,First Horizon CC,,restaurant,,Construction:HHA-Vivan Villas,,,,Accounts Payable,,11.00,,"262,455.29"
,,,,,,Bill,,04/30/2025,,April/30/2025,,First Horizon CC,,restaurant,,Construction:HHA-Vivan Villas,,,,Accounts Payable,,16.00,,"262,471.29"
,,,,,,Bill,,04/30/2025,,April/30/2025,,First Horizon CC,,restaurant,,Construction:HHA-Vivan Villas,,,,Accounts Payable,,2.00,,"262,473.29"
,,,,,,Bill,,04/30/2025,,April/30/2025,,First Horizon CC,,restaurant,,Construction:HHA-Vivan Villas,,,,Accounts Payable,,14.00,,"262,487.29"
,,,,,,Bill,,04/30/2025,,April/30/2025,,First Horizon CC,,restaurant,,Construction:HHA-Vivan Villas,,,,Accounts Payable,,7.45,,"262,494.74"
,,,,,,Bill,,04/30/2025,,April/30/2025,,First Horizon CC,,gas,,Construction:HHA-Vivan Villas,,,,Accounts Payable,,55.00,,"262,549.74"
,,,,,,Bill,,04/30/2025,,April/30/2025,,First Horizon CC,,restaurant,,Construction:HHA-Vivan Villas,,,,Accounts Payable,,11.77,,"262,561.51"
,,,,,,Bill,,04/30/2025,,April/30/2025,,First Horizon CC,,restaurant,,Construction:HHA-Vivan Villas,,,,Accounts Payable,,18.00,,"262,579.51"
,,,,,,Bill,,04/30/2025,,April/30/2025,,First Horizon CC,,carwash,,Construction:HHA-Vivan Villas,,,,Accounts Payable,,32.41,,"262,611.92"
,,,,,,Bill,,04/30/2025,,April/30/2025,,First Horizon CC,,carwash,,Construction:HHA-Vivan Villas,,,,Accounts Payable,,5.03,,"262,616.95"
,,,,,,Bill,,04/30/2025,,April/30/2025,,First Horizon CC,,restaurant,,Construction:HHA-Vivan Villas,,,,Accounts Payable,,38.14,,"262,655.09"
,,,,,,Bill,,04/30/2025,,April/30/2025,,First Horizon CC,,restaurant,,Construction:HHA-Vivan Villas,,,,Accounts Payable,,43.37,,"262,698.46"
,,,,,,Bill,,04/30/2025,,April/30/2025,,First Horizon CC,,restaurant,,Construction:HHA-Vivan Villas,,,,Accounts Payable,,17.94,,"262,716.40"
,,,,,,Bill,,04/30/2025,,April/30/2025,,First Horizon CC,,gas,,Construction:HHA-Vivan Villas,,,,Accounts Payable,,63.60,,"262,780.00"
,,,,,,Bill,,04/30/2025,,April/30/2025,,First Horizon CC,,Uber,,Construction:HHA-Vivan Villas,,,,Accounts Payable,,5.45,,"262,785.45"
,,,,,,Bill,,04/30/2025,,April/30/2025,,First Horizon CC,,Uber,,Construction:HHA-Vivan Villas,,,,Accounts Payable,,2.82,,"262,788.27"
,,,,,,Bill,,04/30/2025,,April/30/2025,,First Horizon CC,,Uber,,Construction:HHA-Vivan Villas,,,,Accounts Payable,,47.13,,"262,835.40"
,,,,,,Bill,,04/30/2025,,April/30/2025,,First Horizon CC,,Fedex,,Construction:HHA-Vivan Villas,,,,Accounts Payable,,187.68,,"263,023.08"
,,,,,,Bill,,04/30/2025,,April/30/2025,,First Horizon CC,,gas,,Construction:HHA-Vivan Villas,,,,Accounts Payable,,65.01,,"263,088.09"
,,,,,,Bill,,04/30/2025,,April/30/2025,,First Horizon CC,,restaurant,,Construction:HHA-Vivan Villas,,,,Accounts Payable,,12.24,,"263,100.33"
,,,,,,Bill,,04/30/2025,,April/30/2025,,First Horizon CC,,restaurant,,Construction:HHA-Vivan Villas,,,,Accounts Payable,,21.03,,"263,121.36"
,,,,,,Bill,,04/30/2025,,April/30/2025,,First Horizon CC,,restaurant,,Construction:HHA-Vivan Villas,,,,Accounts Payable,,7.70,,"263,129.06"
,,,,,,Bill,,04/30/2025,,April/30/2025,,First Horizon CC,,restaurant,,Construction:HHA-Vivan Villas,,,,Accounts Payable,,17.00,,"263,146.06"
,,,,,,Bill,,04/30/2025,,April/30/2025,,First Horizon CC,,restaurant,,Construction:HHA-Vivan Villas,,,,Accounts Payable,,90.00,,"263,236.06"
,,,,,,Bill,,04/30/2025,,April/30/2025,,First Horizon CC,,restaurant,,Construction:HHA-Vivan Villas,,,,Accounts Payable,,44.36,,"263,280.42"
,,,,,,Bill,,04/30/2025,,April/30/2025,,First Horizon CC,,restaurant,,Construction:HHA-Vivan Villas,,,,Accounts Payable,,15.19,,"263,295.61"
,,,,,,Bill,,04/30/2025,,April/30/2025,,First Horizon CC,,restaurant,,Construction:HHA-Vivan Villas,,,,Accounts Payable,,51.90,,"263,347.51"
,,,,,,Bill,,04/30/2025,,April/30/2025,,First Horizon CC,,restaurant,,Construction:HHA-Vivan Villas,,,,Accounts Payable,,100.69,,"263,448.20"
,,,,,,Bill,,04/30/2025,,April/30/2025,,First Horizon CC,,restaurant,,Construction:HHA-Vivan Villas,,,,Accounts Payable,,22.25,,"263,470.45"
,,,,,,Bill,,04/30/2025,,April/30/2025,,First Horizon CC,,The Home Depot,,Construction:HHA-Vivan Villas,,,,Accounts Payable,,"1,205.84",,"264,676.29"
,,,,,,Bill,,04/30/2025,,April/30/2025,,First Horizon CC,,The Home Depot,,Construction:HHA-Vivan Villas,,,,Accounts Payable,,619.53,,"265,295.82"
,,,,,,Bill,,04/30/2025,,April/30/2025,,First Horizon CC,,The Home Depot,,Construction:HHA-Vivan Villas,,,,Accounts Payable,,"-1,205.84",,"264,089.98"
,,,,,,Bill,,05/05/2025,,INV# 1008 PO# 1380,,"JAM CABINETS AND INVESTMENTS, LLC",,INV# 1008 PO# 1380  Cost Of Construction,,Construction:HHA-Vivan Villas,,,,Accounts Payable,,"17,457.12",,"281,547.10"
,,,,,,Bill,,05/08/2025,,refund expenses,,Erwin Davila.,,refund expenses HHA-Vivian Villas Cost of Construction,,Construction:HHA-Vivan Villas,,,,Accounts Payable,,609.40,,"282,156.50"
,,,,,,Bill,,05/08/2025,,INV# 2172,,Esquema Builders,,INV# 2172 Cost of Construction,,Construction:HHA-Vivan Villas,,,,Accounts Payable,,"4,501.00",,"286,657.50"
,,,,,,Bill,,05/09/2025,,refund expenses,,Erwin Davila.,,refund expenses HHA-Vivian Villas Cost of Construction,,Construction:HHA-Vivan Villas,,,,Accounts Payable,,"1,632.73",,"288,290.23"
,,,,,,Bill,,05/12/2025,,INV# 1009 PO# 1380,,"JAM CABINETS AND INVESTMENTS, LLC",,INV# 1009 PO# 1380  Cost Of Construction,,Construction:HHA-Vivan Villas,,,,Accounts Payable,,"17,457.12",,"305,747.35"
,,,,,,Bill,,05/13/2025,,APR/14 - MAY/13/2025,,Home Depot Credit Services,,INV# 9974337,,Construction:HHA-Vivan Villas,,,,Accounts Payable,,"3,273.67",,"309,021.02"
,,,,,,Bill,,05/13/2025,,APR/14 - MAY/13/2025,,Home Depot Credit Services,,INV# 6904776,,Construction:HHA-Vivan Villas,,,,Accounts Payable,,79.01,,"309,100.03"
,,,,,,Bill,,05/19/2025,,INV# 33 PO# 1388,,Argo Power Service,,INV# 33 PO# 1388  Cost Of Construction,,Construction:HHA-Vivan Villas,,,,Accounts Payable,,"12,637.00",,"321,737.03"
,,,,,,Bill,,05/23/2025,,INV# 1010 PO# 1380,,"JAM CABINETS AND INVESTMENTS, LLC",,INV# 1010 PO# 1380  Cost Of Construction,,Construction:HHA-Vivan Villas,,,,Accounts Payable,,"17,457.12",,"339,194.15"
,,,,,,Bill,,05/23/2025,,INV# FC-1023,,"FULL CONSTRUCTION, LLC",,INV# FC-1023,,Construction:HHA-Vivan Villas,,,,Accounts Payable,,"8,902.69",,"348,096.84"
,,,,,,Bill,,05/27/2025,,INV# 1011 PO# 1380,,"JAM CABINETS AND INVESTMENTS, LLC",,INV# 1011 PO# 1380  Cost Of Construction,,Construction:HHA-Vivan Villas,,,,Accounts Payable,,"17,457.12",,"365,553.96"
,,,,,,Bill,,05/28/2025,,Plumbing service,,Signature Design Plans Corp.,,Plumbing service,,Construction:HHA-Vivan Villas,,,,Accounts Payable,,"1,200.00",,"366,753.96"
,,,,,,Bill,,05/30/2025,,gas refund,,GAS,,gas refund,,Construction:HHA-Vivan Villas,,,,Accounts Payable,,18.27,,"366,772.23"
,,,,,,Bill,,05/31/2025,,May/2025,,First Horizon CC,,Restaurant,,Construction:HHA-Vivan Villas,,,,Accounts Payable,,77.00,,"366,849.23"
,,,,,,Bill,,05/31/2025,,May/2025,,First Horizon CC,,Restaurant,,Construction:HHA-Vivan Villas,,,,Accounts Payable,,99.31,,"366,948.54"
,,,,,,Bill,,05/31/2025,,May/2025,,First Horizon CC,,Restaurant,,Construction:HHA-Vivan Villas,,,,Accounts Payable,,41.00,,"366,989.54"
,,,,,,Bill,,05/31/2025,,May/2025,,First Horizon CC,,Restaurant,,Construction:HHA-Vivan Villas,,,,Accounts Payable,,57.29,,"367,046.83"
,,,,,,Bill,,05/31/2025,,May/2025,,First Horizon CC,,Gas,,Construction:HHA-Vivan Villas,,,,Accounts Payable,,42.39,,"367,089.22"
,,,,,,Bill,,05/31/2025,,May/2025,,First Horizon CC,,Restaurant,,Construction:HHA-Vivan Villas,,,,Accounts Payable,,7.63,,"367,096.85"
,,,,,,Bill,,05/31/2025,,May/2025,,First Horizon CC,,Restaurant,,Construction:HHA-Vivan Villas,,,,Accounts Payable,,3.25,,"367,100.10"
,,,,,,Bill,,05/31/2025,,May/2025,,First Horizon CC,,Costco,,Construction:HHA-Vivan Villas,,,,Accounts Payable,,138.20,,"367,238.30"
,,,,,,Bill,,05/31/2025,,May/2025,,First Horizon CC,,Costco gas,,Construction:HHA-Vivan Villas,,,,Accounts Payable,,46.00,,"367,284.30"
,,,,,,Bill,,05/31/2025,,May/2025,,First Horizon CC,,Restaurant,,Construction:HHA-Vivan Villas,,,,Accounts Payable,,39.00,,"367,323.30"
,,,,,,Bill,,05/31/2025,,May/2025,,First Horizon CC,,Gas,,Construction:HHA-Vivan Villas,,,,Accounts Payable,,33.10,,"367,356.40"
,,,,,,Bill,,05/31/2025,,May/2025,,First Horizon CC,,Restaurant,,Construction:HHA-Vivan Villas,,,,Accounts Payable,,37.91,,"367,394.31"
,,,,,,Bill,,05/31/2025,,May/2025,,First Horizon CC,,Gas,,Construction:HHA-Vivan Villas,,,,Accounts Payable,,50.00,,"367,444.31"
,,,,,,Bill,,05/31/2025,,May/2025,,First Horizon CC,,Restaurant,,Construction:HHA-Vivan Villas,,,,Accounts Payable,,25.00,,"367,469.31"
,,,,,,Bill,,05/31/2025,,May/2025,,First Horizon CC,,Restaurant,,Construction:HHA-Vivan Villas,,,,Accounts Payable,,79.90,,"367,549.21"
,,,,,,Bill,,05/31/2025,,May/2025,,First Horizon CC,,Restaurant,,Construction:HHA-Vivan Villas,,,,Accounts Payable,,7.23,,"367,556.44"
,,,,,,Bill,,05/31/2025,,May/2025,,First Horizon CC,,gas,,Construction:HHA-Vivan Villas,,,,Accounts Payable,,47.90,,"367,604.34"
,,,,,,Bill,,05/31/2025,,May/2025,,First Horizon CC,,Restaurant,,Construction:HHA-Vivan Villas,,,,Accounts Payable,,12.00,,"367,616.34"
,,,,,,Bill,,05/31/2025,,May/2025,,First Horizon CC,,Restaurant,,Construction:HHA-Vivan Villas,,,,Accounts Payable,,30.00,,"367,646.34"
,,,,,,Bill,,05/31/2025,,May/2025,,First Horizon CC,,Restaurant,,Construction:HHA-Vivan Villas,,,,Accounts Payable,,22.00,,"367,668.34"
,,,,,,Bill,,05/31/2025,,May/2025,,First Horizon CC,,gas,,Construction:HHA-Vivan Villas,,,,Accounts Payable,,22.53,,"367,690.87"
,,,,,,Bill,,05/31/2025,,May/2025,,First Horizon CC,,Lowes,,Construction:HHA-Vivan Villas,,,,Accounts Payable,,39.00,,"367,729.87"
,,,,,,Bill,,05/31/2025,,May/2025,,First Horizon CC,,gas,,Construction:HHA-Vivan Villas,,,,Accounts Payable,,60.00,,"367,789.87"
,,,,,,Bill,,05/31/2025,,May/2025,,First Horizon CC,,Restaurant,,Construction:HHA-Vivan Villas,,,,Accounts Payable,,75.00,,"367,864.87"
,,,,,,Bill,,05/31/2025,,May/2025,,First Horizon CC,,Restaurant,,Construction:HHA-Vivan Villas,,,,Accounts Payable,,14.50,,"367,879.37"
,,,,,,Bill,,05/31/2025,,May/2025,,First Horizon CC,,Publix,,Construction:HHA-Vivan Villas,,,,Accounts Payable,,21.38,,"367,900.75"
,,,,,,Bill,,05/31/2025,,May/2025,,First Horizon CC,,Publix,,Construction:HHA-Vivan Villas,,,,Accounts Payable,,65.28,,"367,966.03"
,,,,,,Bill,,05/31/2025,,May/2025,,First Horizon CC,,Gas,,Construction:HHA-Vivan Villas,,,,Accounts Payable,,35.92,,"368,001.95"
,,,,,,Bill,,05/31/2025,,May/2025,,First Horizon CC,,Restaurant,,Construction:HHA-Vivan Villas,,,,Accounts Payable,,62.20,,"368,064.15"
,,,,,,Bill,,05/31/2025,,May/2025,,First Horizon CC,,Restaurant,,Construction:HHA-Vivan Villas,,,,Accounts Payable,,16.13,,"368,080.28"
,,,,,,Bill,,05/31/2025,,May/2025,,First Horizon CC,,Gas,,Construction:HHA-Vivan Villas,,,,Accounts Payable,,38.01,,"368,118.29"
,,,,,,Bill,,05/31/2025,,May/2025,,First Horizon CC,,Restaurant,,Construction:HHA-Vivan Villas,,,,Accounts Payable,,17.64,,"368,135.93"
,,,,,,Bill,,06/02/2025,,INV# 1012 PO# 1380,,"JAM CABINETS AND INVESTMENTS, LLC",,INV# 1012 PO# 1380  Cost Of Construction,,Construction:HHA-Vivan Villas,,,,Accounts Payable,,"17,457.12",,"385,593.05"
,,,,,,Bill,,06/06/2025,,expenses,,Harold Echeverri,,gas HHA- Vivian Villas,,Construction:HHA-Vivan Villas,,,,Accounts Payable,,34.10,,"385,627.15"
,,,,,,Bill,,06/09/2025,,INV# 1013 PO# 1380,,"JAM CABINETS AND INVESTMENTS, LLC",,INV# 1013 PO# 1380  Cost Of Construction,,Construction:HHA-Vivan Villas,,,,Accounts Payable,,"17,457.12",,"403,084.27"
,,,,,,Bill,,06/16/2025,,INV# 1014 PO# 1380,,"JAM CABINETS AND INVESTMENTS, LLC",,INV# 1014 PO# 1380  Cost Of Construction,,Construction:HHA-Vivan Villas,,,,Accounts Payable,,"17,457.12",,"420,541.39"
,,,,,,Bill,,06/19/2025,,INV# 36 PO# 1388,,Argo Power Service,,INV# 36 PO# 1388  Cost Of Construction,,Construction:HHA-Vivan Villas,,,,Accounts Payable,,"20,287.00",,"440,828.39"
,,,,,,Bill,,06/19/2025,,INV# 00054,,"Full Uniwell, LLC",,INV# 00054 (COMISSION # 1),,Construction:HHA-Vivan Villas,,,,Accounts Payable,,"1,500.00",,"442,328.39"
,,,,,,Bill,,06/23/2025,,INV# 1015 PO# 1380,,"JAM CABINETS AND INVESTMENTS, LLC",,INV# 1015 PO# 1380  Cost Of Construction,,Construction:HHA-Vivan Villas,,,,Accounts Payable,,"17,457.12",,"459,785.51"
,,,,,,Bill,,06/30/2025,,June/2025,,First Horizon CC,,Restaurant,,Construction:HHA-Vivan Villas,,,,Accounts Payable,,49.89,,"459,835.40"
,,,,,,Bill,,06/30/2025,,June/2025,,First Horizon CC,,USPS,,Construction:HHA-Vivan Villas,,,,Accounts Payable,,19.35,,"459,854.75"
,,,,,,Bill,,06/30/2025,,June/2025,,First Horizon CC,,Restaurant,,Construction:HHA-Vivan Villas,,,,Accounts Payable,,17.62,,"459,872.37"
,,,,,,Bill,,06/30/2025,,June/2025,,First Horizon CC,,Restaurant,,Construction:HHA-Vivan Villas,,,,Accounts Payable,,14.00,,"459,886.37"
,,,,,,Bill,,06/30/2025,,June/2025,,First Horizon CC,,Restaurant,,Construction:HHA-Vivan Villas,,,,Accounts Payable,,16.00,,"459,902.37"
,,,,,,Bill,,06/30/2025,,June/2025,,First Horizon CC,,Restaurant,,Construction:HHA-Vivan Villas,,,,Accounts Payable,,93.22,,"459,995.59"
,,,,,,Bill,,06/30/2025,,June/2025,,First Horizon CC,,gas,,Construction:HHA-Vivan Villas,,,,Accounts Payable,,35.24,,"460,030.83"
,,,,,,Bill,,06/30/2025,,June/2025,,First Horizon CC,,Restaurant,,Construction:HHA-Vivan Villas,,,,Accounts Payable,,26.00,,"460,056.83"
,,,,,,Bill,,06/30/2025,,June/2025,,First Horizon CC,,Restaurant,,Construction:HHA-Vivan Villas,,,,Accounts Payable,,26.20,,"460,083.03"
,,,,,,Bill,,06/30/2025,,June/2025,,First Horizon CC,,Restaurant,,Construction:HHA-Vivan Villas,,,,Accounts Payable,,12.53,,"460,095.56"
,,,,,,Bill,,06/30/2025,,June/2025,,First Horizon CC,,Restaurant,,Construction:HHA-Vivan Villas,,,,Accounts Payable,,54.23,,"460,149.79"
,,,,,,Bill,,06/30/2025,,June/2025,,First Horizon CC,,gas,,Construction:HHA-Vivan Villas,,,,Accounts Payable,,50.00,,"460,199.79"
,,,,,,Bill,,06/30/2025,,June/2025,,First Horizon CC,,The Home Depot,,Construction:HHA-Vivan Villas,,,,Accounts Payable,,330.19,,"460,529.98"
,,,,,,Bill,,06/30/2025,,June/2025,,First Horizon CC,,Costco,,Construction:HHA-Vivan Villas,,,,Accounts Payable,,255.33,,"460,785.31"
,,,,,,Bill,,06/30/2025,,June/2025,,First Horizon CC,,Restaurant,,Construction:HHA-Vivan Villas,,,,Accounts Payable,,20.72,,"460,806.03"
,,,,,,Bill,,06/30/2025,,June/2025,,First Horizon CC,,gas,,Construction:HHA-Vivan Villas,,,,Accounts Payable,,44.70,,"460,850.73"
,,,,,,Bill,,06/30/2025,,June/2025,,First Horizon CC,,Restaurant,,Construction:HHA-Vivan Villas,,,,Accounts Payable,,92.61,,"460,943.34"
,,,,,,Bill,,06/30/2025,,June/2025,,First Horizon CC,,Restaurant,,Construction:HHA-Vivan Villas,,,,Accounts Payable,,23.83,,"460,967.17"
,,,,,,Bill,,06/30/2025,,June/2025,,First Horizon CC,,The Home Depot,,Construction:HHA-Vivan Villas,,,,Accounts Payable,,85.47,,"461,052.64"
,,,,,,Bill,,06/30/2025,,June/2025,,First Horizon CC,,Restaurant,,Construction:HHA-Vivan Villas,,,,Accounts Payable,,39.59,,"461,092.23"
,,,,,,Bill,,06/30/2025,,June/2025,,First Horizon CC,,Restaurant,,Construction:HHA-Vivan Villas,,,,Accounts Payable,,41.78,,"461,134.01"
,,,,,,Bill,,06/30/2025,,June/2025,,First Horizon CC,,Restaurant,,Construction:HHA-Vivan Villas,,,,Accounts Payable,,5.28,,"461,139.29"
,,,,,,Bill,,06/30/2025,,June/2025,,First Horizon CC,,The Home Depot,,Construction:HHA-Vivan Villas,,,,Accounts Payable,,139.78,,"461,279.07"
,,,,,,Bill,,06/30/2025,,June/2025,,First Horizon CC,,Restaurant,,Construction:HHA-Vivan Villas,,,,Accounts Payable,,77.63,,"461,356.70"
,,,,,,Bill,,06/30/2025,,June/2025,,First Horizon CC,,Restaurant,,Construction:HHA-Vivan Villas,,,,Accounts Payable,,33.00,,"461,389.70"
,,,,,,Bill,,06/30/2025,,June/2025,,First Horizon CC,,Restaurant,,Construction:HHA-Vivan Villas,,,,Accounts Payable,,4.59,,"461,394.29"
,,,,,,Bill,,06/30/2025,,June/2025,,First Horizon CC,,Restaurant,,Construction:HHA-Vivan Villas,,,,Accounts Payable,,21.90,,"461,416.19"
,,,,,,Bill,,06/30/2025,,June/2025,,First Horizon CC,,Gas,,Construction:HHA-Vivan Villas,,,,Accounts Payable,,53.07,,"461,469.26"
,,,,,,Bill,,06/30/2025,,June/2025,,First Horizon CC,,Publix,,Construction:HHA-Vivan Villas,,,,Accounts Payable,,18.24,,"461,487.50"
,,,,,,Bill,,06/30/2025,,June/2025,,First Horizon CC,,gas,,Construction:HHA-Vivan Villas,,,,Accounts Payable,,58.22,,"461,545.72"
,,,,,,Bill,,06/30/2025,,June/2025,,First Horizon CC,,Restaurant,,Construction:HHA-Vivan Villas,,,,Accounts Payable,,13.38,,"461,559.10"
,,,,,,Bill,,06/30/2025,,June/2025,,First Horizon CC,,Restaurant,,Construction:HHA-Vivan Villas,,,,Accounts Payable,,11.68,,"461,570.78"
,,,,,,Bill,,06/30/2025,,June/2025,,First Horizon CC,,Restaurant,,Construction:HHA-Vivan Villas,,,,Accounts Payable,,28.98,,"461,599.76"
,,,,,,Bill,,06/30/2025,,June/2025,,First Horizon CC,,Restaurant,,Construction:HHA-Vivan Villas,,,,Accounts Payable,,35.00,,"461,634.76"
,,,,,,Bill,,06/30/2025,,June/2025,,First Horizon CC,,Restaurant,,Construction:HHA-Vivan Villas,,,,Accounts Payable,,14.45,,"461,649.21"
,,,,,,Bill,,06/30/2025,,June/2025,,First Horizon CC,,Restaurant,,Construction:HHA-Vivan Villas,,,,Accounts Payable,,15.00,,"461,664.21"
,,,,,,Bill,,06/30/2025,,June/2025,,First Horizon CC,,gas,,Construction:HHA-Vivan Villas,,,,Accounts Payable,,31.50,,"461,695.71"
,,,,,,Bill,,06/30/2025,,June/2025,,First Horizon CC,,Restaurant,,Construction:HHA-Vivan Villas,,,,Accounts Payable,,12.55,,"461,708.26"
,,,,,,Bill,,06/30/2025,,June/2025,,First Horizon CC,,Restaurant,,Construction:HHA-Vivan Villas,,,,Accounts Payable,,65.00,,"461,773.26"
,,,,,,Bill,,06/30/2025,,June/2025,,First Horizon CC,,The Home Depot,,Construction:HHA-Vivan Villas,,,,Accounts Payable,,19.17,,"461,792.43"
,,,,,,Bill,,06/30/2025,,June/2025,,First Horizon CC,,Restaurant,,Construction:HHA-Vivan Villas,,,,Accounts Payable,,29.00,,"461,821.43"
,,,,,,Bill,,06/30/2025,,INV# 1016 PO# 1380,,"JAM CABINETS AND INVESTMENTS, LLC",,INV# 1016 PO# 1380 Vivian Villas,,Construction:HHA-Vivan Villas,,,,Accounts Payable,,"17,457.12",,"479,278.55"
,,,,,,Bill,,07/03/2025,,INV# FC-1024,,"FULL CONSTRUCTION, LLC",,INV# FC-1024,,Construction:HHA-Vivan Villas,,,,Accounts Payable,,"11,456.00",,"490,734.55"
,,,,,,Bill,,07/07/2025,,INV# 1017 PO# 1380,,"JAM CABINETS AND INVESTMENTS, LLC",,INV# 1017 PO# 1380 Vivian Villas,,Construction:HHA-Vivan Villas,,,,Accounts Payable,,"17,457.12",,"508,191.67"
,,,,,,Bill,,07/14/2025,,INV# 1018 PO# 1380,,"JAM CABINETS AND INVESTMENTS, LLC",,INV# 1018 PO# 1380 Vivian Villas,,Construction:HHA-Vivan Villas,,,,Accounts Payable,,"17,457.12",,"525,648.79"
,,,,,,Bill,,07/21/2025,,HHA-Vivian Villas,,DIEGO YACOBELLI,,HHA-Vivian Villas Refund of cost of materials,,Construction:HHA-Vivan Villas,,,,Accounts Payable,,"1,769.36",,"527,418.15"
,,,,,,Bill,,07/21/2025,,INV# 1019 PO# 1380,,"JAM CABINETS AND INVESTMENTS, LLC",,INV# 1019 PO# 1380 Vivian Villas,,Construction:HHA-Vivan Villas,,,,Accounts Payable,,"17,457.12",,"544,875.27"
,,,,,,Bill,,07/25/2025,,INV# 00056,,"Full Uniwell, LLC",,Run Pmt,,Construction:HHA-Vivan Villas,,,,Accounts Payable,,900.00,,"545,775.27"
,,,,,,Bill,,07/25/2025,,INV# 1020 PO# 1380,,"JAM CABINETS AND INVESTMENTS, LLC",,INV# 1020 PO# 1380 Vivian Villas,,Construction:HHA-Vivan Villas,,,,Accounts Payable,,"17,457.12",,"563,232.39"
,,,,,,Bill,,07/28/2025,,INV# 33 PO# 1388,,Argo Power Service,,INV# 33 PO# 1388  Cost Of Construction,,Construction:HHA-Vivan Villas,,,,Accounts Payable,,"20,280.00",,"583,512.39"
,,,,,,Bill,,07/31/2025,,July/2025,,First Horizon CC,,Restaurant Heidi aut. Fabiola,,Construction:HHA-Vivan Villas,,,,Accounts Payable,,469.00,,"583,981.39"
,,,,,,Bill,,07/31/2025,,July/2025,,First Horizon CC,,gas,,Construction:HHA-Vivan Villas,,,,Accounts Payable,,55.06,,"584,036.45"
,,,,,,Bill,,07/31/2025,,July/2025,,First Horizon CC,,Restaurant,,Construction:HHA-Vivan Villas,,,,Accounts Payable,,31.89,,"584,068.34"
,,,,,,Bill,,07/31/2025,,July/2025,,First Horizon CC,,restaurant,,Construction:HHA-Vivan Villas,,,,Accounts Payable,,11.06,,"584,079.40"
,,,,,,Bill,,07/31/2025,,July/2025,,First Horizon CC,,Restaurant,,Construction:HHA-Vivan Villas,,,,Accounts Payable,,22.00,,"584,101.40"
,,,,,,Bill,,07/31/2025,,July/2025,,First Horizon CC,,Restaurant,,Construction:HHA-Vivan Villas,,,,Accounts Payable,,13.00,,"584,114.40"
,,,,,,Bill,,07/31/2025,,July/2025,,First Horizon CC,,Restaurant,,Construction:HHA-Vivan Villas,,,,Accounts Payable,,35.00,,"584,149.40"
,,,,,,Bill,,07/31/2025,,July/2025,,First Horizon CC,,Restaurant,,Construction:HHA-Vivan Villas,,,,Accounts Payable,,26.75,,"584,176.15"
,,,,,,Bill,,07/31/2025,,July/2025,,First Horizon CC,,Restaurant,,Construction:HHA-Vivan Villas,,,,Accounts Payable,,17.12,,"584,193.27"
,,,,,,Bill,,07/31/2025,,July/2025,,First Horizon CC,,Restaurant,,Construction:HHA-Vivan Villas,,,,Accounts Payable,,25.00,,"584,218.27"
,,,,,,Bill,,07/31/2025,,July/2025,,First Horizon CC,,Restaurant,,Construction:HHA-Vivan Villas,,,,Accounts Payable,,12.00,,"584,230.27"
,,,,,,Bill,,07/31/2025,,July/2025,,First Horizon CC,,restaurant,,Construction:HHA-Vivan Villas,,,,Accounts Payable,,74.00,,"584,304.27"
,,,,,,Bill,,07/31/2025,,July/2025,,First Horizon CC,,Restaurant,,Construction:HHA-Vivan Villas,,,,Accounts Payable,,25.00,,"584,329.27"
,,,,,,Bill,,07/31/2025,,July/2025,,First Horizon CC,,restaurant,,Construction:HHA-Vivan Villas,,,,Accounts Payable,,21.77,,"584,351.04"
,,,,,,Bill,,07/31/2025,,July/2025,,First Horizon CC,,Restaurant,,Construction:HHA-Vivan Villas,,,,Accounts Payable,,33.00,,"584,384.04"
,,,,,,Bill,,07/31/2025,,July/2025,,First Horizon CC,,Restaurant,,Construction:HHA-Vivan Villas,,,,Accounts Payable,,5.00,,"584,389.04"
,,,,,,Bill,,07/31/2025,,July/2025,,First Horizon CC,,Restaurant,,Construction:HHA-Vivan Villas,,,,Accounts Payable,,30.00,,"584,419.04"
,,,,,,Bill,,07/31/2025,,July/2025,,First Horizon CC,,restaurant,,Construction:HHA-Vivan Villas,,,,Accounts Payable,,23.00,,"584,442.04"
,,,,,,Bill,,07/31/2025,,July/2025,,First Horizon CC,,gas,,Construction:HHA-Vivan Villas,,,,Accounts Payable,,35.00,,"584,477.04"
,,,,,,Bill,,07/31/2025,,July/2025,,First Horizon CC,,Restaurant,,Construction:HHA-Vivan Villas,,,,Accounts Payable,,23.00,,"584,500.04"
,,,,,,Bill,,07/31/2025,,July/2025,,First Horizon CC,,Restaurant,,Construction:HHA-Vivan Villas,,,,Accounts Payable,,31.00,,"584,531.04"
,,,,,,Bill,,07/31/2025,,July/2025,,First Horizon CC,,restaurant,,Construction:HHA-Vivan Villas,,,,Accounts Payable,,19.00,,"584,550.04"
,,,,,,Bill,,07/31/2025,,July/2025,,First Horizon CC,,restaurant,,Construction:HHA-Vivan Villas,,,,Accounts Payable,,30.00,,"584,580.04"
,,,,,,Bill,,07/31/2025,,July/2025,,First Horizon CC,,restaurant,,Construction:HHA-Vivan Villas,,,,Accounts Payable,,21.15,,"584,601.19"
,,,,,,Bill,,07/31/2025,,July/2025,,First Horizon CC,,restaurant,,Construction:HHA-Vivan Villas,,,,Accounts Payable,,16.00,,"584,617.19"
,,,,,,Bill,,07/31/2025,,July/2025,,First Horizon CC,,restaurant,,Construction:HHA-Vivan Villas,,,,Accounts Payable,,16.00,,"584,633.19"
,,,,,,Bill,,07/31/2025,,July/2025,,First Horizon CC,,gas,,Construction:HHA-Vivan Villas,,,,Accounts Payable,,26.00,,"584,659.19"
,,,,,,Bill,,07/31/2025,,July/2025,,First Horizon CC,,restaurant,,Construction:HHA-Vivan Villas,,,,Accounts Payable,,29.00,,"584,688.19"
,,,,,,Bill,,07/31/2025,,July/2025,,First Horizon CC,,gas,,Construction:HHA-Vivan Villas,,,,Accounts Payable,,45.00,,"584,733.19"
,,,,,,Bill,,07/31/2025,,July/2025,,First Horizon CC,,restaurant,,Construction:HHA-Vivan Villas,,,,Accounts Payable,,13.00,,"584,746.19"
,,,,,,Bill,,07/31/2025,,July/2025,,First Horizon CC,,restaurant,,Construction:HHA-Vivan Villas,,,,Accounts Payable,,16.00,,"584,762.19"
,,,,,,Bill,,07/31/2025,,July/2025,,First Horizon CC,,restaurant,,Construction:HHA-Vivan Villas,,,,Accounts Payable,,33.00,,"584,795.19"
,,,,,,Bill,,07/31/2025,,July/2025,,First Horizon CC,,gas,,Construction:HHA-Vivan Villas,,,,Accounts Payable,,44.20,,"584,839.39"
,,,,,,Bill,,08/04/2025,,INV# 00058,,"Full Uniwell, LLC",,INV# 00058 Vivian Villas Commissions # 2,,Construction:HHA-Vivan Villas,,,,Accounts Payable,,"1,900.00",,"586,739.39"
,,,,,,Bill,,08/04/2025,,INV# 1021 PO# 1380,,"JAM CABINETS AND INVESTMENTS, LLC",,INV# 1021 PO# 1380 Vivian Villas,,Construction:HHA-Vivan Villas,,,,Accounts Payable,,"17,457.12",,"604,196.51"
,,,,,,Bill,,08/08/2025,,refund V Villas paym,,"171 EMERGENCIA, INC.",,refund Vivian Villas payment,,Construction:HHA-Vivan Villas,,,,Accounts Payable,,720.00,,"604,916.51"
,,,,,,Bill,,08/11/2025,,INV# 1022 PO# 1380,,"JAM CABINETS AND INVESTMENTS, LLC",,INV# 1022 PO# 1380 Vivian Villas,,Construction:HHA-Vivan Villas,,,,Accounts Payable,,"9,509.56",,"614,426.07"
,,,,,,Bill,,08/13/2025,,INV# 00059,,"Full Uniwell, LLC",,INV# 00059 (commissions Vivian Villas # 3),,Construction:HHA-Vivan Villas,,,,Accounts Payable,,"1,500.00",,"615,926.07"
,,,,,,Bill,,08/14/2025,,Electricity service,,Signature Design Plans Corp.,,Electricity service,,Construction:HHA-Vivan Villas,,,,Accounts Payable,,600.00,,"616,526.07"
,,,,,,Bill,,08/25/2025,,INV# 40 PO# 1388,,Argo Power Service,,INV# 40 PO# 1388  Cost Of Construction,,Construction:HHA-Vivan Villas,,,,Accounts Payable,,"20,280.00",,"636,806.07"
,,,,,,Bill,,09/29/2025,,INV# 00084629,,CITY OF HIALEAH,,INV# 00084629 (Plumbing Permit),,Construction:HHA-Vivan Villas,,,,Accounts Payable,,"6,177.50",,"642,983.57"
,,,,,,Bill,,09/29/2025,,INV# 00084538,,CITY OF HIALEAH,,INV# 00084538 (Electric Permit),,Construction:HHA-Vivan Villas,,,,Accounts Payable,,237.50,,"643,221.07"
,,,Total HHA-Vivan Villas,,,,,,,,,,,,,,,,,,,"643,221.07",,"643,221.07"
,,Total Assets Cost and Est. Earnings,,,,,,,,,,,,,,,,,,,,"643,221.07",,"643,221.07"
,Total Other Current Asset,,,,,,,,,,,,,,,,,,,,,"643,221.07",,"643,221.07"
TOTAL,,,,,,,,,,,,,,,,,,,,,,"643,221.07",,"643,221.07"
,,,,,,,,,,,,,,,,,,,,,,,,
